{
  "run_id": "run_008",
  "timestamp": "2026-04-14T16:27:18.007912+00:00",
  "commit": "079ffba",
  "config": "m3",
  "split": "val",
  "data_version": "v2",
  "threshold": 0.68,
  "metrics": {
    "threshold": 0.68,
    "accuracy": 0.983471,
    "precision": 0.981481,
    "recall": 0.985537,
    "f1": 0.983505,
    "balanced_accuracy": 0.983471,
    "tpr": 0.985537,
    "fpr": 0.018595,
    "fnr": 0.014463,
    "tnr": 0.981405,
    "tp": 477,
    "fp": 9,
    "tn": 475,
    "fn": 7
  },
  "note": "M3 FaceNet threshold sweep on val - select operating threshold"
}