{
  "run_id": "run_002",
  "timestamp": "2026-04-07T20:58:12.853462+00:00",
  "commit": "079ffba",
  "config": "m2",
  "split": "val",
  "data_version": "v1",
  "threshold": 0.9600000000000001,
  "metrics": {
    "threshold": 0.9600000000000001,
    "accuracy": 0.562903,
    "precision": 0.46301,
    "recall": 0.75,
    "f1": 0.572555,
    "balanced_accuracy": 0.596561,
    "tpr": 0.75,
    "fpr": 0.556878,
    "fnr": 0.25,
    "tnr": 0.443122,
    "tp": 363,
    "fp": 421,
    "tn": 335,
    "fn": 121
  },
  "note": "Baseline v1 selected-threshold eval on val (thr=0.9600)"
}