{
  "run_id": "run_005",
  "timestamp": "2026-03-26T01:08:13.344844+00:00",
  "commit": "6a64cc3",
  "config": "m2",
  "split": "test",
  "data_version": "v2",
  "threshold": 0.46,
  "metrics": {
    "threshold": 0.46,
    "accuracy": 0.894118,
    "precision": 0.858289,
    "recall": 0.944118,
    "f1": 0.89916,
    "balanced_accuracy": 0.894118,
    "tpr": 0.944118,
    "fpr": 0.155882,
    "fnr": 0.055882,
    "tnr": 0.844118,
    "tp": 321,
    "fp": 53,
    "tn": 287,
    "fn": 19
  },
  "note": "Post data-centric change (v2) final test reporting (thr=0.4600)"
}