{
  "run_id": "run_003",
  "timestamp": "2026-03-26T01:08:13.009014+00:00",
  "commit": "6a64cc3",
  "config": "m2",
  "split": "test",
  "data_version": "v1",
  "threshold": 0.49,
  "metrics": {
    "threshold": 0.49,
    "accuracy": 0.915094,
    "precision": 0.903448,
    "recall": 0.929078,
    "f1": 0.916084,
    "balanced_accuracy": 0.915127,
    "tpr": 0.929078,
    "fpr": 0.098824,
    "fnr": 0.070922,
    "tnr": 0.901176,
    "tp": 393,
    "fp": 42,
    "tn": 383,
    "fn": 30
  },
  "note": "Baseline v1 final test reporting (locked thr=0.4900)"
}