{
  "run_id": "run_003",
  "timestamp": "2026-04-07T20:58:18.556460+00:00",
  "commit": "079ffba",
  "config": "m2",
  "split": "test",
  "data_version": "v1",
  "threshold": 0.9600000000000001,
  "metrics": {
    "threshold": 0.9600000000000001,
    "accuracy": 0.565147,
    "precision": 0.457995,
    "recall": 0.716102,
    "f1": 0.558678,
    "balanced_accuracy": 0.593501,
    "tpr": 0.716102,
    "fpr": 0.529101,
    "fnr": 0.283898,
    "tnr": 0.470899,
    "tp": 338,
    "fp": 400,
    "tn": 356,
    "fn": 134
  },
  "note": "Baseline v1 final test reporting (locked thr=0.9600)"
}