{
  "run_id": "run_005",
  "timestamp": "2026-04-07T20:58:21.581857+00:00",
  "commit": "079ffba",
  "config": "m2",
  "split": "test",
  "data_version": "v2",
  "threshold": 0.97,
  "metrics": {
    "threshold": 0.97,
    "accuracy": 0.617585,
    "precision": 0.651226,
    "recall": 0.506356,
    "f1": 0.569726,
    "balanced_accuracy": 0.617585,
    "tpr": 0.506356,
    "fpr": 0.271186,
    "fnr": 0.493644,
    "tnr": 0.728814,
    "tp": 239,
    "fp": 128,
    "tn": 344,
    "fn": 233
  },
  "note": "Post data-centric change (v2) final test reporting (thr=0.9700)"
}